"id","time","state","Component"
1,0,"state 2",1
1,2.36350614751194,"state 1",1
1,6.82234230413478,"state 2",1
1,7.26450726033511,"state 1",1
1,8.23987835750762,"state 2",1
1,9.5126991440386,"state 1",1
1,9.76327236283873,"state 2",1
2,0,"state 2",1
2,0.29906366346404,"state 1",1
2,0.422249324664355,"state 2",1
2,0.45412805774051,"state 1",1
2,1.51414846629162,"state 2",1
2,2.17413683375601,"state 1",1
2,3.33854178009337,"state 2",1
2,4.45826680996693,"state 1",1
2,5.4122512641991,"state 2",1
2,6.41556719999978,"state 1",1
2,7.68160312276076,"state 2",1
2,7.86683243220542,"state 1",1
2,8.45386183714364,"state 2",1
2,9.02666334701572,"state 1",1
2,9.38529585149009,"state 2",1
2,9.74408423523667,"state 1",1
3,0,"state 1",1
3,1.43176261513474,"state 2",1
3,1.78297094573247,"state 1",1
3,1.82873199312928,"state 2",1
3,2.43858354111182,"state 1",1
3,5.25164039871217,"state 2",1
3,5.30467318622888,"state 1",1
3,6.20345491511764,"state 2",1
3,7.73581648205404,"state 1",1
3,9.47763127500789,"state 2",1
3,9.62804202588873,"state 1",1
3,9.96956044149251,"state 2",1
4,0,"state 1",1
4,1.04051133427293,"state 2",1
4,1.33980899299951,"state 1",1
4,2.80597434739087,"state 2",1
4,3.5274549945571,"state 1",1
4,4.27910523478738,"state 2",1
4,4.59192840278944,"state 1",1
4,4.68741346236224,"state 2",1
4,5.08845343821451,"state 1",1
4,5.18864644606366,"state 2",1
4,6.56010609962271,"state 1",1
4,7.81049454025673,"state 2",1
4,8.31126797012734,"state 1",1
4,9.33851959645021,"state 2",1
5,0,"state 1",1
5,0.1228236463113,"state 2",1
5,0.917098889992974,"state 1",1
5,1.57063505931704,"state 2",1
5,2.72068775574148,"state 1",1
5,4.46501877329688,"state 2",1
5,5.74450376796437,"state 1",1
5,5.7455620731124,"state 2",1
5,6.62964535767229,"state 1",1
5,8.21176683306603,"state 2",1
5,8.51706766886505,"state 1",1
5,8.85593892857301,"state 2",1
5,9.09962878350617,"state 1",1
5,9.61948480012344,"state 2",1
6,0,"state 2",1
6,0.99284786447407,"state 1",1
6,2.33515755358132,"state 2",1
6,4.91075250206,"state 1",1
6,5.01976624761371,"state 2",1
6,5.22843781790359,"state 1",1
6,5.26849145180583,"state 2",1
6,5.65107162749025,"state 1",1
6,7.8125811244554,"state 2",1
6,8.29702688748334,"state 1",1
6,9.47402477254933,"state 2",1
7,0,"state 1",1
7,1.66759278430584,"state 2",1
7,2.93971196083788,"state 1",1
7,3.15967818523262,"state 2",1
7,3.77034832803968,"state 1",1
7,4.09912242914054,"state 2",1
7,4.95057436342505,"state 1",1
7,5.07181035944415,"state 2",1
7,5.47553742381898,"state 1",1
7,9.70533990422678,"state 2",1
8,0,"state 1",1
8,0.63951867306605,"state 2",1
8,0.964397877454758,"state 1",1
8,1.51915463479236,"state 2",1
8,6.09690790355199,"state 1",1
8,8.44797103803895,"state 2",1
9,0,"state 1",1
9,0.110218088608235,"state 2",1
9,1.17652108935164,"state 1",1
9,1.49632053398983,"state 2",1
9,2.60253942796009,"state 1",1
9,4.49578914448579,"state 2",1
9,5.71323410726568,"state 1",1
9,8.95144691606428,"state 2",1
9,9.01059129720305,"state 1",1
10,0,"state 1",1
10,0.342517910525203,"state 2",1
10,0.960659748874605,"state 1",1
10,1.63135042274371,"state 2",1
10,2.82460748632894,"state 1",1
10,3.46826843354375,"state 2",1
10,4.60023737410995,"state 1",1
10,5.07133304179626,"state 2",1
10,5.40093500925667,"state 1",1
10,5.98535264436595,"state 2",1
10,7.21816684361511,"state 1",1
10,7.2273499705942,"state 2",1
10,7.72479113015547,"state 1",1
11,0,"state 2",1
11,0.0677256532944739,"state 1",1
11,0.226178270721093,"state 2",1
11,0.2269492013409,"state 1",1
11,3.59051483983425,"state 2",1
11,3.70291778978211,"state 1",1
11,7.80890006897706,"state 2",1
11,8.57434982848545,"state 1",1
11,9.45362948759006,"state 2",1
11,9.93084863752605,"state 1",1
12,0,"state 2",1
12,1.81273807763102,"state 1",1
12,1.89527892092642,"state 2",1
12,2.31437649729015,"state 1",1
12,3.06526308374288,"state 2",1
12,5.08382796541576,"state 1",1
12,5.1150692370606,"state 2",1
12,5.41974129526665,"state 1",1
12,5.90768561045428,"state 2",1
12,7.28430415312073,"state 1",1
12,9.06019053966963,"state 2",1
13,0,"state 2",1
13,1.1003501554531,"state 1",1
13,1.20451787296207,"state 2",1
13,3.00814134354612,"state 1",1
13,4.17896795554451,"state 2",1
13,4.97119747053627,"state 1",1
13,6.37310724275893,"state 2",1
13,7.06053680776394,"state 1",1
13,7.92511768391587,"state 2",1
13,9.34350489283194,"state 1",1
13,9.47131229069298,"state 2",1
14,0,"state 1",1
14,0.340911624953151,"state 2",1
14,3.79766186868732,"state 1",1
14,4.41697112034966,"state 2",1
14,5.03712976101746,"state 1",1
14,5.58038046240767,"state 2",1
14,5.96291502107518,"state 1",1
14,6.42786427036511,"state 2",1
14,6.65751971044203,"state 1",1
14,7.19930914342961,"state 2",1
14,8.36186508476816,"state 1",1
14,9.58851656887286,"state 2",1
15,0,"state 1",1
15,2.12823923850868,"state 2",1
15,3.26940568147187,"state 1",1
15,3.8826114561591,"state 2",1
15,4.1281491916809,"state 1",1
15,4.53492001665747,"state 2",1
15,4.62985666736952,"state 1",1
15,5.19069224398574,"state 2",1
15,7.35148242448476,"state 1",1
15,7.4182497768183,"state 2",1
15,8.68764579594449,"state 1",1
15,8.88121482748852,"state 2",1
15,9.2150916677931,"state 1",1
15,9.69834686788113,"state 2",1
16,0,"state 1",1
16,1.0090742567134,"state 2",1
16,1.54461668986352,"state 1",1
16,3.45876174221251,"state 2",1
16,4.67089914327448,"state 1",1
16,5.24060705566739,"state 2",1
16,5.45728122284252,"state 1",1
16,6.05148867312435,"state 2",1
16,6.76092028628618,"state 1",1
16,7.65095549428986,"state 2",1
16,8.06216553825499,"state 1",1
16,8.14633648883165,"state 2",1
16,8.52516272425265,"state 1",1
16,9.35898045300575,"state 2",1
17,0,"state 2",1
17,0.132560619153082,"state 1",1
17,0.164324113016771,"state 2",1
17,1.77059164899178,"state 1",1
17,2.54017873918869,"state 2",1
17,2.56271047024288,"state 1",1
17,2.8279416581639,"state 2",1
17,3.85278870831931,"state 1",1
17,4.06414843737835,"state 2",1
17,4.46758008971309,"state 1",1
17,4.56443838969121,"state 2",1
17,5.36199478808563,"state 1",1
17,6.71336685492885,"state 2",1
17,6.78016804856476,"state 1",1
17,7.19025920377341,"state 2",1
17,7.74593270615903,"state 1",1
17,8.56271363281596,"state 2",1
17,8.72994128988472,"state 1",1
18,0,"state 1",1
18,0.212488712512043,"state 2",1
18,0.227808099851323,"state 1",1
18,0.457040239226271,"state 2",1
18,1.04743425325324,"state 1",1
18,1.26799480068331,"state 2",1
18,1.9245405803511,"state 1",1
18,2.14846897678334,"state 2",1
18,2.93977674086348,"state 1",1
18,4.19993591666447,"state 2",1
18,4.48761995308326,"state 1",1
18,4.81469952890256,"state 2",1
18,4.94444213768171,"state 1",1
18,6.10077462115484,"state 2",1
18,8.409659038667,"state 1",1
18,9.06489050285555,"state 2",1
19,0,"state 2",1
19,1.24613024010779,"state 1",1
19,3.21294060429994,"state 2",1
19,3.34108392411794,"state 1",1
19,3.4106384436169,"state 2",1
19,4.96877391317767,"state 1",1
19,5.10440345767793,"state 2",1
19,6.38544266953496,"state 1",1
19,6.89755583231701,"state 2",1
19,7.51279377767481,"state 1",1
19,8.46317773510823,"state 2",1
19,8.64437677770043,"state 1",1
20,0,"state 2",1
20,2.34533706481073,"state 1",1
20,2.60672403853242,"state 2",1
20,3.32880233578897,"state 1",1
20,4.20743535060473,"state 2",1
20,4.51005100246556,"state 1",1
20,4.67197837283214,"state 2",1
20,5.43289225549879,"state 1",1
20,8.3643811492569,"state 2",1
20,9.43473411983737,"state 1",1
21,0,"state 1",1
21,0.0140690611821444,"state 2",1
21,1.92677949864927,"state 1",1
21,3.47424618182553,"state 2",1
21,3.69698403008509,"state 1",1
21,3.90525045256973,"state 2",1
21,3.99053939675823,"state 1",1
21,4.01120475178495,"state 2",1
21,4.34998547855676,"state 1",1
21,5.45203010372253,"state 2",1
21,5.49940263486834,"state 1",1
21,8.75899124880648,"state 2",1
21,8.81635668442031,"state 1",1
21,9.42683035029476,"state 2",1
21,9.7313346824274,"state 1",1
22,0,"state 1",1
22,4.67236305397903,"state 2",1
22,7.42036075315842,"state 1",1
22,7.69531506005147,"state 2",1
22,7.88028891182908,"state 1",1
22,8.15130073748001,"state 2",1
22,8.35817214424342,"state 1",1
22,9.21806276573784,"state 2",1
22,9.38137726295988,"state 1",1
23,0,"state 2",1
23,0.0693805562332273,"state 1",1
23,0.476610192943368,"state 2",1
23,3.17401224353601,"state 1",1
23,3.17489406644523,"state 2",1
23,3.29900993631378,"state 1",1
23,3.94195332323358,"state 2",1
23,5.22771304321156,"state 1",1
23,5.52587161138591,"state 2",1
23,6.92103247857747,"state 1",1
23,7.61656831076387,"state 2",1
23,8.63193090034192,"state 1",1
23,9.7298653177265,"state 2",1
24,0,"state 1",1
24,0.483593581244349,"state 2",1
24,0.814378212206066,"state 1",1
24,1.90848678675519,"state 2",1
24,3.54639898557235,"state 1",1
24,3.65233503039946,"state 2",1
24,3.74383053681668,"state 1",1
24,6.11606206671626,"state 2",1
24,6.26597410239186,"state 1",1
24,9.07979552229733,"state 2",1
24,9.52902732984377,"state 1",1
25,0,"state 2",1
25,1.67856059401276,"state 1",1
25,2.51992842542443,"state 2",1
25,3.12053038586367,"state 1",1
25,4.5294297042065,"state 2",1
25,5.90257522671424,"state 1",1
25,6.23126653556652,"state 2",1
25,6.93701471187171,"state 1",1
25,7.27525317740619,"state 2",1
25,7.7272025707829,"state 1",1
25,8.98554360380189,"state 2",1
25,9.13360208298804,"state 1",1
25,9.52265889456288,"state 2",1
26,0,"state 2",1
26,0.00355377420783043,"state 1",1
26,0.183058483526111,"state 2",1
26,3.32511524991781,"state 1",1
26,3.90339041590408,"state 2",1
26,3.95441852401017,"state 1",1
26,4.33107005882083,"state 2",1
26,4.46337784151459,"state 1",1
26,6.36081727655497,"state 2",1
26,6.56374280588594,"state 1",1
26,7.25887666327296,"state 2",1
26,8.25119014803755,"state 1",1
26,8.26969073174956,"state 2",1
26,8.57624211509215,"state 1",1
26,9.19725900536837,"state 2",1
27,0,"state 1",1
27,1.31628982811691,"state 2",1
27,2.7575004500008,"state 1",1
27,3.8955433758158,"state 2",1
27,4.57443590212574,"state 1",1
27,4.93588528905024,"state 2",1
27,5.90508077971122,"state 1",1
27,6.83168316840134,"state 2",1
27,8.45780648862863,"state 1",1
27,9.18403867281987,"state 2",1
27,9.81058825341998,"state 1",1
27,9.97211351724984,"state 2",1
28,0,"state 2",1
28,0.179084110726165,"state 1",1
28,0.714216104895371,"state 2",1
28,1.38471489651178,"state 1",1
28,1.68156985631262,"state 2",1
28,3.23026155364729,"state 1",1
28,3.36232965962059,"state 2",1
28,3.37864631404795,"state 1",1
28,3.61657901005514,"state 2",1
28,4.09197641992637,"state 1",1
28,5.66655510366569,"state 2",1
28,6.37353824154439,"state 1",1
28,6.95125763612765,"state 2",1
28,9.08011622223685,"state 1",1
28,9.38892509746413,"state 2",1
29,0,"state 2",1
29,3.06307031197434,"state 1",1
29,3.61857548944612,"state 2",1
29,3.62845986086835,"state 1",1
29,3.9373861759152,"state 2",1
29,4.25061714772095,"state 1",1
29,4.88894522545819,"state 2",1
29,5.96878803779787,"state 1",1
29,7.48808859911212,"state 2",1
29,7.92134925740236,"state 1",1
29,8.56031746713841,"state 2",1
30,0,"state 2",1
30,4.2162472491426,"state 1",1
30,4.30007915062211,"state 2",1
30,4.62587371518216,"state 1",1
30,4.88932035307712,"state 2",1
30,5.04370248102613,"state 1",1
30,5.4256568301379,"state 2",1
30,7.8746438501915,"state 1",1
30,8.2275647656573,"state 2",1
30,8.57867320911494,"state 1",1
30,8.85055593609622,"state 2",1
30,9.68685319385759,"state 1",1
30,9.69518153539214,"state 2",1
31,0,"state 2",1
31,0.135800952091813,"state 1",1
31,1.5802855965393,"state 2",1
31,4.00070749664094,"state 1",1
31,4.70309158944395,"state 2",1
31,5.43174875403561,"state 1",1
31,6.85252187082331,"state 2",1
31,7.73330321585071,"state 1",1
31,9.96565355063149,"state 2",1
31,9.99954340030173,"state 1",1
32,0,"state 1",1
32,0.303827226627618,"state 2",1
32,2.09736237340587,"state 1",1
32,2.17887531817871,"state 2",1
32,4.0166100192066,"state 1",1
32,5.97973257138334,"state 2",1
33,0,"state 1",1
33,1.7675724159086,"state 2",1
33,2.03480181322413,"state 1",1
33,2.93549870267946,"state 2",1
33,3.35448754892189,"state 1",1
33,3.81509159492765,"state 2",1
33,4.06304405896429,"state 1",1
33,4.6585112431689,"state 2",1
33,4.81230775896358,"state 1",1
33,4.91891726270216,"state 2",1
33,7.23241882363668,"state 1",1
33,8.88500707898152,"state 2",1
33,9.88792767766251,"state 1",1
34,0,"state 1",1
34,1.14360585711421,"state 2",1
34,2.20240864149275,"state 1",1
34,2.40195365521106,"state 2",1
34,2.49098960284541,"state 1",1
34,4.6550011810722,"state 2",1
34,6.58658522255384,"state 1",1
34,7.40486714965784,"state 2",1
34,8.51986319185055,"state 1",1
34,8.81097299870856,"state 2",1
34,9.14000949156291,"state 1",1
34,9.58472257605574,"state 2",1
35,0,"state 1",1
35,1.69493598668816,"state 2",1
35,1.82539021029117,"state 1",1
35,3.8644373694617,"state 2",1
35,5.08121296369887,"state 1",1
35,7.00389054388204,"state 2",1
35,7.95473545141448,"state 1",1
35,9.470843847487,"state 2",1
36,0,"state 2",1
36,1.26110904007674,"state 1",1
36,1.26132801636578,"state 2",1
36,9.62547708713786,"state 1",1
37,0,"state 2",1
37,0.109699781984091,"state 1",1
37,0.719899889547378,"state 2",1
37,1.58977645398573,"state 1",1
37,2.32991580137744,"state 2",1
37,2.60761577268329,"state 1",1
37,3.83807453048137,"state 2",1
37,5.04103229925689,"state 1",1
37,6.32837747950284,"state 2",1
37,6.78734773518695,"state 1",1
37,6.90304339518948,"state 2",1
37,8.03444301174655,"state 1",1
37,8.5928805258654,"state 2",1
37,8.60767949815541,"state 1",1
37,9.20599466353356,"state 2",1
38,0,"state 2",1
38,0.957722415174258,"state 1",1
38,1.41452632514284,"state 2",1
38,2.32865581327098,"state 1",1
38,2.57967217025327,"state 2",1
38,2.99734135354722,"state 1",1
38,3.04620848606194,"state 2",1
38,3.17151006284329,"state 1",1
38,3.25658507007458,"state 2",1
38,5.11808038845568,"state 1",1
38,5.20686463422983,"state 2",1
38,5.62263865785583,"state 1",1
38,6.65813911128825,"state 2",1
38,7.00830956017634,"state 1",1
38,7.38373756576365,"state 2",1
38,7.74125877353499,"state 1",1
38,8.15377586386303,"state 2",1
38,8.81832868098418,"state 1",1
39,0,"state 2",1
39,0.488404989708215,"state 1",1
39,1.00333934044465,"state 2",1
39,2.4219810454266,"state 1",1
39,2.61787384693491,"state 2",1
39,2.84845424714478,"state 1",1
39,7.03491568438629,"state 2",1
39,7.67947323447014,"state 1",1
40,0,"state 2",1
40,1.24763555448027,"state 1",1
40,2.10197686824015,"state 2",1
40,2.41721350328065,"state 1",1
40,2.96636416158638,"state 2",1
40,3.350837664688,"state 1",1
40,3.87723293482325,"state 2",1
40,3.87956118987308,"state 1",1
40,5.46110182255011,"state 2",1
40,5.82499565389475,"state 1",1
40,7.57357819575333,"state 2",1
40,7.6987468149651,"state 1",1
40,9.57865015559327,"state 2",1
41,0,"state 2",1
41,0.290735638234764,"state 1",1
41,1.94199603275376,"state 2",1
41,2.57842290020528,"state 1",1
41,3.53219554933224,"state 2",1
41,5.02231486904962,"state 1",1
41,7.64418032212214,"state 2",1
41,9.98355920978358,"state 1",1
42,0,"state 2",1
42,0.510174240451306,"state 1",1
42,4.31265036880455,"state 2",1
42,4.96809159617356,"state 1",1
42,5.33991204507134,"state 2",1
42,6.6248722199624,"state 1",1
42,7.54089232178801,"state 2",1
42,7.91502823045873,"state 1",1
42,9.18560604112143,"state 2",1
43,0,"state 2",1
43,0.782295252019557,"state 1",1
43,1.10373275387273,"state 2",1
43,1.81816357703545,"state 1",1
43,2.47258217030802,"state 2",1
43,4.82295023966682,"state 1",1
43,6.6376785126616,"state 2",1
43,7.48248107383565,"state 1",1
43,8.07089070767701,"state 2",1
44,0,"state 1",1
44,0.214447669972547,"state 2",1
44,0.854513137888976,"state 1",1
44,0.934955595663025,"state 2",1
44,3.13418524858514,"state 1",1
44,3.32580452929671,"state 2",1
44,3.64967896375294,"state 1",1
44,3.67634079191323,"state 2",1
44,6.05715485049336,"state 1",1
44,7.83158006829114,"state 2",1
44,8.0443873780424,"state 1",1
44,8.30866325660352,"state 2",1
45,0,"state 2",1
45,0.0205092797987163,"state 1",1
45,0.435176923405379,"state 2",1
45,2.70296108104724,"state 1",1
45,4.20255595286945,"state 2",1
45,4.35402345079566,"state 1",1
45,4.74074083594242,"state 2",1
45,5.04452604135978,"state 1",1
45,6.39278025070209,"state 2",1
45,8.19130902731503,"state 1",1
45,8.83895393874208,"state 2",1
46,0,"state 2",1
46,0.598186889197677,"state 1",1
46,1.51119205863671,"state 2",1
46,1.98003650126503,"state 1",1
46,3.97794048708368,"state 2",1
46,4.07738167873088,"state 1",1
46,5.12343898864423,"state 2",1
46,5.54859446391423,"state 1",1
46,5.56170189169318,"state 2",1
46,7.04564892467174,"state 1",1
46,7.06032831188354,"state 2",1
46,7.0632660438669,"state 1",1
46,7.36104190893369,"state 2",1
46,8.35984282455761,"state 1",1
46,9.6749154385933,"state 2",1
46,9.89008940111932,"state 1",1
46,9.90911454401748,"state 2",1
46,9.94096804376825,"state 1",1
47,0,"state 1",2
47,2.22393872762535,"state 2",2
47,6.00659856780659,"state 1",2
47,6.15526436797357,"state 2",2
47,6.69087322537801,"state 1",2
47,6.73906282444498,"state 2",2
47,8.51121611621225,"state 1",2
47,9.28212178317646,"state 2",2
47,9.97818272345756,"state 1",2
48,0,"state 1",2
48,2.3581190536401,"state 2",2
48,2.61465878073562,"state 1",2
48,2.62089519655768,"state 2",2
48,3.43621295115971,"state 1",2
48,3.79473737050752,"state 2",2
48,4.34227467962514,"state 1",2
48,4.91242369200076,"state 2",2
48,6.02220248735007,"state 1",2
48,6.75419032221613,"state 2",2
48,7.62416660522519,"state 1",2
49,0,"state 2",2
49,0.254868634331332,"state 1",2
49,1.58642453072798,"state 2",2
49,5.09209310173678,"state 1",2
49,5.98353173463561,"state 2",2
49,6.40183694913008,"state 1",2
49,6.90112372714661,"state 2",2
49,7.34724306495495,"state 1",2
49,9.07015365906606,"state 2",2
49,9.48481504258832,"state 1",2
50,0,"state 2",2
50,0.766806806395662,"state 1",2
50,1.23527785246716,"state 2",2
50,3.35878299578984,"state 1",2
50,4.88676574208684,"state 2",2
50,5.86118212931224,"state 1",2
50,6.09343571686479,"state 2",2
50,6.28109003515276,"state 1",2
50,7.1589239841573,"state 2",2
50,7.49901484323282,"state 1",2
51,0,"state 2",2
51,3.62842229546464,"state 1",2
51,5.34328555286327,"state 2",2
51,5.64341644261428,"state 1",2
51,6.86430749542931,"state 2",2
51,7.18317087612966,"state 1",2
51,8.01407807414208,"state 2",2
51,9.42852706240129,"state 1",2
52,0,"state 1",2
52,0.603646179661155,"state 2",2
52,0.676770077086985,"state 1",2
52,2.29706964364783,"state 2",2
52,2.50460975945504,"state 1",2
52,2.94586746303872,"state 2",2
52,3.70714082280105,"state 1",2
52,4.05940028798848,"state 2",2
52,6.13391397658797,"state 1",2
52,7.49234194721612,"state 2",2
52,8.1693023945536,"state 1",2
53,0,"state 1",2
53,0.0629796832799911,"state 2",2
53,0.474627543240786,"state 1",2
53,1.48893591265129,"state 2",2
53,4.30027144272221,"state 1",2
53,6.00772973197833,"state 2",2
53,6.58848581278086,"state 1",2
53,7.17582966336547,"state 2",2
53,8.71228185795725,"state 1",2
53,9.13080541031913,"state 2",2
53,9.48910384146974,"state 1",2
53,9.78430250065532,"state 2",2
54,0,"state 1",2
54,0.269827677402645,"state 2",2
54,2.32020544671434,"state 1",2
54,2.49949155972319,"state 2",2
54,4.04948406576628,"state 1",2
54,5.30655410605456,"state 2",2
54,7.03988216342358,"state 1",2
54,7.3031089132647,"state 2",2
54,8.06460731137022,"state 1",2
54,8.15628396378175,"state 2",2
54,8.510192396895,"state 1",2
54,9.10693796278971,"state 2",2
54,9.27309624425731,"state 1",2
54,9.37510047102012,"state 2",2
55,0,"state 1",2
55,0.197901531729015,"state 2",2
55,0.502728529415193,"state 1",2
55,0.880352995499137,"state 2",2
55,1.01123421540066,"state 1",2
55,2.76836420674371,"state 2",2
55,3.5785371326821,"state 1",2
55,4.3495878940939,"state 2",2
55,6.0898049221956,"state 1",2
55,6.72076682230689,"state 2",2
55,8.76313805987339,"state 1",2
55,8.98836935392793,"state 2",2
56,0,"state 2",2
56,0.223945271223783,"state 1",2
56,1.11596917170556,"state 2",2
56,1.33658450708971,"state 1",2
56,2.5281940964307,"state 2",2
56,2.66127735378922,"state 1",2
56,2.78229794327871,"state 2",2
56,2.87300624427601,"state 1",2
56,3.93655718865644,"state 2",2
56,5.78130742529227,"state 1",2
56,6.81332279030865,"state 2",2
56,7.28976000274231,"state 1",2
56,9.65329296116853,"state 2",2
57,0,"state 1",2
57,0.487169899512082,"state 2",2
57,2.62887401726533,"state 1",2
57,3.78828586295207,"state 2",2
57,4.2579799586158,"state 1",2
57,4.29617773631548,"state 2",2
57,4.63854761498009,"state 1",2
57,5.12992990558927,"state 2",2
57,5.62267696840649,"state 1",2
57,6.050745408814,"state 2",2
57,6.0863666497059,"state 1",2
57,6.27625068835677,"state 2",2
57,7.73933546236459,"state 1",2
57,8.61394938283937,"state 2",2
57,9.8185739155193,"state 1",2
58,0,"state 1",2
58,1.13065399039061,"state 2",2
58,1.67156296871127,"state 1",2
58,1.81761413292756,"state 2",2
58,2.00656268010953,"state 1",2
58,2.07497191711561,"state 2",2
58,6.61791317794645,"state 1",2
58,6.73923373991796,"state 2",2
58,8.07718376369844,"state 1",2
59,0,"state 2",2
59,0.978776152203691,"state 1",2
59,3.09749506045688,"state 2",2
59,3.34643373951648,"state 1",2
59,4.45931760996437,"state 2",2
59,4.89654366515433,"state 1",2
59,5.65752507797735,"state 2",2
59,6.83594784658168,"state 1",2
59,8.09611273697799,"state 2",2
59,9.99093075415321,"state 1",2
60,0,"state 2",2
60,0.0996384628339268,"state 1",2
60,0.616049745887384,"state 2",2
60,1.13563310152279,"state 1",2
60,2.88535621551205,"state 2",2
60,3.0541319006436,"state 1",2
60,3.3187035997285,"state 2",2
60,3.42711206245035,"state 1",2
60,4.34778073610993,"state 2",2
60,4.71421962924557,"state 1",2
60,6.23075049123962,"state 2",2
60,8.00010742550931,"state 1",2
60,9.29536448532455,"state 2",2
61,0,"state 2",2
61,0.592679170891643,"state 1",2
61,2.51876886180582,"state 2",2
61,2.82575955373215,"state 1",2
61,2.85280712940821,"state 2",2
61,4.30250200495195,"state 1",2
61,5.01913242825831,"state 2",2
61,5.78528392535683,"state 1",2
61,6.91730152187677,"state 2",2
61,8.90178417336915,"state 1",2
61,9.95637185889171,"state 2",2
62,0,"state 1",2
62,1.28717454013163,"state 2",2
62,2.12102042649146,"state 1",2
62,3.41342724993554,"state 2",2
62,3.95753182619661,"state 1",2
62,4.50987071972192,"state 2",2
62,4.89835029477105,"state 1",2
62,5.05650779194981,"state 2",2
62,5.51897239275128,"state 1",2
62,6.81615345231564,"state 2",2
62,7.68407999305817,"state 1",2
62,9.25652485845422,"state 2",2
63,0,"state 2",2
63,0.366638795472682,"state 1",2
63,2.20041060252885,"state 2",2
63,4.62422559016659,"state 1",2
63,4.70619869737871,"state 2",2
63,5.69383994153211,"state 1",2
63,6.07862870431015,"state 2",2
63,7.10296947447549,"state 1",2
63,7.70646892938728,"state 2",2
64,0,"state 2",2
64,0.0834988984279335,"state 1",2
64,0.775272486265749,"state 2",2
64,2.44596752096879,"state 1",2
64,3.48169014636863,"state 2",2
64,4.78640898626258,"state 1",2
64,4.87359478447546,"state 2",2
64,5.09198616055732,"state 1",2
64,6.31715735518508,"state 2",2
64,6.36421683435463,"state 1",2
64,6.95835151388444,"state 2",2
64,7.89060836332509,"state 1",2
64,7.96627475321883,"state 2",2
64,8.52841693768868,"state 1",2
64,8.63032631532206,"state 2",2
64,9.61765484277532,"state 1",2
65,0,"state 1",2
65,4.490315873037,"state 2",2
65,5.36105611575821,"state 1",2
65,6.83609204572659,"state 2",2
65,9.28978709138468,"state 1",2
66,0,"state 1",2
66,0.524047966580838,"state 2",2
66,0.707325160520401,"state 1",2
66,0.770980860589322,"state 2",2
66,1.74602861001451,"state 1",2
66,4.25380707749896,"state 2",2
66,4.53889551650532,"state 1",2
66,4.91732896104254,"state 2",2
66,5.09834369680402,"state 1",2
66,6.0986557429099,"state 2",2
66,7.75113430176856,"state 1",2
66,9.78397298525993,"state 2",2
67,0,"state 1",2
67,0.382280594669282,"state 2",2
67,0.846461030188948,"state 1",2
67,1.14285245305289,"state 2",2
67,2.19512567246219,"state 1",2
67,2.19918013067101,"state 2",2
67,3.38985578600889,"state 1",2
67,5.62467613875011,"state 2",2
67,6.71158252711008,"state 1",2
67,8.18306386822931,"state 2",2
68,0,"state 2",2
68,0.825305902357114,"state 1",2
68,1.39814679599823,"state 2",2
68,2.69396491340342,"state 1",2
68,2.78670977001059,"state 2",2
68,3.74928163208457,"state 1",2
68,6.50058743747776,"state 2",2
68,7.00858312862819,"state 1",2
68,7.01362563540085,"state 2",2
68,7.41634581434398,"state 1",2
69,0,"state 1",2
69,0.42457644129172,"state 2",2
69,1.41949811247633,"state 1",2
69,1.63608197148858,"state 2",2
69,1.80340487861975,"state 1",2
69,1.95557870276241,"state 2",2
69,3.94703956617923,"state 1",2
69,4.22071223770217,"state 2",2
69,4.88026246678964,"state 1",2
69,5.7132205178172,"state 2",2
69,7.07528744793512,"state 1",2
69,7.08011704377149,"state 2",2
69,8.68074254004515,"state 1",2
69,9.75599785482265,"state 2",2
70,0,"state 1",2
70,1.54334841287675,"state 2",2
70,2.06821356845068,"state 1",2
70,2.17503376050643,"state 2",2
70,2.48261543527967,"state 1",2
70,7.16536168521001,"state 2",2
70,7.80283819511263,"state 1",2
70,7.81992298285792,"state 2",2
70,8.035457568386,"state 1",2
70,8.37500010165701,"state 2",2
70,8.60305089704076,"state 1",2
70,9.98218676830482,"state 2",2
71,0,"state 2",2
71,0.47037509130314,"state 1",2
71,0.680217627435923,"state 2",2
71,1.7277436009465,"state 1",2
71,1.98779172979508,"state 2",2
71,4.75926791089304,"state 1",2
71,5.85638795932927,"state 2",2
71,6.4665564731712,"state 1",2
71,6.72620456339964,"state 2",2
71,7.86063095960787,"state 1",2
71,8.54367962140611,"state 2",2
71,8.85902639372295,"state 1",2
72,0,"state 2",2
72,0.278314972478876,"state 1",2
72,0.359836112424711,"state 2",2
72,3.76345671295705,"state 1",2
72,3.88204725461012,"state 2",2
72,4.7651673247797,"state 1",2
72,6.07975068868049,"state 2",2
72,6.99672914564976,"state 1",2
72,8.10399653840701,"state 2",2
72,8.59336560567383,"state 1",2
73,0,"state 1",2
73,0.612257561180741,"state 2",2
73,1.60560869654165,"state 1",2
73,1.9179292092959,"state 2",2
73,2.67758647385317,"state 1",2
73,4.87869053913048,"state 2",2
73,5.42145908783889,"state 1",2
73,7.82867374604772,"state 2",2
73,8.25549402095581,"state 1",2
73,8.94482876368071,"state 2",2
73,8.98150039618846,"state 1",2
73,8.99789025230345,"state 2",2
73,9.13389334144082,"state 1",2
73,9.91700321958868,"state 2",2
74,0,"state 2",2
74,0.121515721686342,"state 1",2
74,0.516208741020569,"state 2",2
74,0.983468514073798,"state 1",2
74,5.86767515558312,"state 2",2
74,7.96824775828047,"state 1",2
74,9.02937141341611,"state 2",2
75,0,"state 2",2
75,2.47528207848284,"state 1",2
75,9.43439661098049,"state 2",2
76,0,"state 2",2
76,0.0560120397034314,"state 1",2
76,0.722219120876047,"state 2",2
76,0.884397047271135,"state 1",2
76,1.17174139123142,"state 2",2
76,2.67254951467254,"state 1",2
76,2.71516892090833,"state 2",2
76,4.22200198798813,"state 1",2
76,5.19437085415134,"state 2",2
76,5.9274133810995,"state 1",2
76,7.24053753947716,"state 2",2
76,9.54050215383358,"state 1",2
76,9.85715291838459,"state 2",2
76,9.88758627462886,"state 1",2
77,0,"state 1",2
77,0.348914063535631,"state 2",2
77,0.923326159827411,"state 1",2
77,1.71682567797126,"state 2",2
77,2.34236958525599,"state 1",2
77,3.62463150165024,"state 2",2
77,4.38133381573919,"state 1",2
77,4.52560367329482,"state 2",2
77,5.79821343237494,"state 1",2
77,8.54519628052064,"state 2",2
77,9.44455237653027,"state 1",2
78,0,"state 1",2
78,0.878678913186205,"state 2",2
78,2.75101091979507,"state 1",2
78,4.40568964069194,"state 2",2
78,4.43027194009578,"state 1",2
78,5.5441394743783,"state 2",2
78,7.68774740546386,"state 1",2
78,7.9715833138619,"state 2",2
78,8.94409228912455,"state 1",2
78,9.54502541390148,"state 2",2
78,9.65702400128257,"state 1",2
79,0,"state 1",2
79,0.0300180683524302,"state 2",2
79,0.0946324155578159,"state 1",2
79,0.144941881755903,"state 2",2
79,0.552619685875788,"state 1",2
79,1.03747539035098,"state 2",2
79,1.44568059048865,"state 1",2
79,2.58777868850862,"state 2",2
79,3.16269142889191,"state 1",2
79,3.20307190633152,"state 2",2
79,4.13032522582047,"state 1",2
79,7.06112879282353,"state 2",2
79,8.00383634815006,"state 1",2
79,9.63791353941889,"state 2",2
79,9.90148000702134,"state 1",2
80,0,"state 2",2
80,1.30718461140515,"state 1",2
80,2.48239233243259,"state 2",2
80,2.85720975595506,"state 1",2
80,4.05852399195049,"state 2",2
80,5.66739513890302,"state 1",2
80,8.8240119955171,"state 2",2
80,8.86901127511586,"state 1",2
80,9.50468990078146,"state 2",2
81,0,"state 1",2
81,1.68509752481225,"state 2",2
81,1.96739411951023,"state 1",2
81,2.00725155350241,"state 2",2
81,2.40943149922835,"state 1",2
81,2.70128846055317,"state 2",2
81,6.98405239894198,"state 1",2
81,7.111875108393,"state 2",2
81,7.49873400847064,"state 1",2
81,9.8931515457209,"state 2",2
81,9.93800369585936,"state 1",2
81,9.98038576060047,"state 2",2
82,0,"state 2",2
82,0.150535517677898,"state 1",2
82,0.337978906163975,"state 2",2
82,1.93606512163562,"state 1",2
82,2.36398409082351,"state 2",2
82,3.28791233795706,"state 1",2
82,3.48654411864478,"state 2",2
82,3.61510627523065,"state 1",2
82,5.06090454542154,"state 2",2
82,7.71774259540764,"state 1",2
82,8.95407297416626,"state 2",2
82,9.12742095199362,"state 1",2
83,0,"state 1",2
83,1.25989358122916,"state 2",2
83,4.49064005890346,"state 1",2
83,4.67849439734078,"state 2",2
83,5.18501102111718,"state 1",2
83,5.43009084943038,"state 2",2
83,5.60003212607338,"state 1",2
83,6.1131060291162,"state 2",2
83,6.22379391296095,"state 1",2
83,6.31405043117962,"state 2",2
83,8.7821128374594,"state 1",2
83,9.1201729329,"state 2",2
84,0,"state 2",2
84,3.5961980128423,"state 1",2
84,4.378250807717,"state 2",2
84,6.22944060537714,"state 1",2
84,6.96015582014972,"state 2",2
84,7.28570666038597,"state 1",2
85,0,"state 1",2
85,2.67406809131119,"state 2",2
85,4.12575572894371,"state 1",2
85,4.93717703553216,"state 2",2
85,5.36291070984976,"state 1",2
85,5.8092582370557,"state 2",2
85,6.3218669894336,"state 1",2
85,8.64350502023892,"state 2",2
85,9.34339794002922,"state 1",2
86,0,"state 1",2
86,1.2360995709476,"state 2",2
86,1.9657528798656,"state 1",2
86,2.06834740715329,"state 2",2
86,3.48392983944239,"state 1",2
86,5.84001711230313,"state 2",2
86,6.70392303942747,"state 1",2
86,8.18636011607182,"state 2",2
86,8.22338095878818,"state 1",2
86,8.46893508093067,"state 2",2
86,8.91971072986358,"state 1",2
87,0,"state 1",2
87,0.230621341615915,"state 2",2
87,1.73532899247505,"state 1",2
87,2.23574401542567,"state 2",2
87,2.84834184601925,"state 1",2
87,3.20606262480862,"state 2",2
87,6.28177143860591,"state 1",2
87,7.47307255754271,"state 2",2
87,9.17420427382928,"state 1",2
87,9.58850280868825,"state 2",2
88,0,"state 2",2
88,0.576816447079182,"state 1",2
88,0.737343962568195,"state 2",2
88,1.40556605885118,"state 1",2
88,2.83453255582334,"state 2",2
88,5.24567433283461,"state 1",2
88,7.21648858688548,"state 2",2
88,8.47498885459499,"state 1",2
88,9.26757840166557,"state 2",2
88,9.4527741997199,"state 1",2
88,9.83291587193253,"state 2",2
89,0,"state 1",2
89,3.76314995230591,"state 2",2
89,4.43452405768863,"state 1",2
89,6.31071418727213,"state 2",2
89,6.83722620521137,"state 1",2
89,7.57652571763764,"state 2",2
89,8.54540085475337,"state 1",2
89,8.73418813255176,"state 2",2
89,9.73665717110054,"state 1",2
90,0,"state 1",2
90,0.732781780964905,"state 2",2
90,0.901845872949087,"state 1",2
90,3.17904474062879,"state 2",2
90,6.1571151858195,"state 1",2
90,7.76068231460643,"state 2",2
90,8.2227613677731,"state 1",2
90,8.80824102074786,"state 2",2
90,9.63145032690304,"state 1",2
90,9.75701529697912,"state 2",2
91,0,"state 2",2
91,1.15675658355923,"state 1",2
91,1.81880381932007,"state 2",2
91,2.61115421299803,"state 1",2
91,2.84012495671379,"state 2",2
91,2.85774262134843,"state 1",2
91,3.50443155250438,"state 2",2
91,5.13178762717078,"state 1",2
91,5.77774914370755,"state 2",2
91,7.71654536764966,"state 1",2
91,8.20240108439596,"state 2",2
91,9.29472165321353,"state 1",2
92,0,"state 2",2
92,0.503043415968827,"state 1",2
92,0.974015555822811,"state 2",2
92,1.70398065491435,"state 1",2
92,1.8414951679003,"state 2",2
92,2.68718920687525,"state 1",2
92,2.97695118777358,"state 2",2
92,6.29095475947349,"state 1",2
92,6.51424568671598,"state 2",2
92,7.8129225956215,"state 1",2
92,8.47836951081961,"state 2",2
92,8.5464844085215,"state 1",2
92,8.63300135833532,"state 2",2
92,9.50245101940663,"state 1",2
92,9.64086652365358,"state 2",2
92,9.73211789554761,"state 1",2
93,0,"state 2",2
93,1.26126120328428,"state 1",2
93,2.19563175427981,"state 2",2
93,2.5866346873089,"state 1",2
93,5.61994986078227,"state 2",2
93,5.69005627488553,"state 1",2
93,6.04426664277747,"state 2",2
93,7.45908213003355,"state 1",2
93,9.94197975835817,"state 2",2
94,0,"state 1",2
94,1.44920732115401,"state 2",2
94,3.78197266742097,"state 1",2
94,4.6123543010928,"state 2",2
94,5.5681712386613,"state 1",2
94,7.29913890739373,"state 2",2
94,7.59256172045536,"state 1",2
94,7.95038371025986,"state 2",2
94,8.91014282873032,"state 1",2
94,9.38761804161725,"state 2",2
95,0,"state 1",2
95,0.114152822423719,"state 2",2
95,1.49218973304973,"state 1",2
95,2.16086275057763,"state 2",2
95,2.59543104536728,"state 1",2
95,3.10746363989905,"state 2",2
95,3.62734654845566,"state 1",2
95,4.02584939361496,"state 2",2
95,5.37465833779826,"state 1",2
95,5.98955409694865,"state 2",2
95,7.38859387612281,"state 1",2
95,7.66298505369885,"state 2",2
95,7.73738539390577,"state 1",2
95,9.13978182914094,"state 2",2
95,9.82683978665979,"state 1",2
96,0,"state 2",2
96,1.19737458224864,"state 1",2
96,2.29494278776439,"state 2",2
96,4.41845312041646,"state 1",2
96,5.04371155917129,"state 2",2
96,5.19565134869757,"state 1",2
96,8.00277775944471,"state 2",2
96,8.51143754505813,"state 1",2
96,8.89138408423662,"state 2",2
96,9.81769952519776,"state 1",2
97,0,"state 2",2
97,3.12407582236414,"state 1",2
97,3.51285167021637,"state 2",2
97,4.97778668214233,"state 1",2
97,5.90434273560744,"state 2",2
97,7.45476407218917,"state 1",2
97,8.08373419322266,"state 2",2
97,8.71262775581523,"state 1",2
97,8.96701146695956,"state 2",2
97,9.36483184002533,"state 1",2
97,9.40576747745468,"state 2",2
98,0,"state 1",2
98,0.551134090404958,"state 2",2
98,0.926909180358052,"state 1",2
98,2.40769665098266,"state 2",2
98,2.85947191942277,"state 1",2
98,6.82454817761877,"state 2",2
98,6.9906075817647,"state 1",2
98,7.82599893274451,"state 2",2
98,8.43217119822944,"state 1",2
98,8.86311510081137,"state 2",2
98,9.49546524711619,"state 1",2
99,0,"state 1",2
99,0.941193976397526,"state 2",2
99,1.22705451301755,"state 1",2
99,1.9890010812411,"state 2",2
99,2.35204023381728,"state 1",2
99,2.85864037143374,"state 2",2
99,5.80198708027869,"state 1",2
99,6.358797962236,"state 2",2
99,6.78341308284476,"state 1",2
99,7.64524909005207,"state 2",2
99,9.05320137254581,"state 1",2
100,0,"state 1",2
100,1.76912066890838,"state 2",2
100,2.43356097807157,"state 1",2
100,4.1556120601665,"state 2",2
100,4.29867100652267,"state 1",2
100,5.5063368140482,"state 2",2
100,9.32955515016702,"state 1",2
100,9.62431629425746,"state 2",2
